Vannie,Frensche,F,6/2/2004,36616,AL,vfrensche0@simplemachines.org,LrIt9ZFfcjw,http://dummyimage.com/218x171.bmp/cc0000/ffffff
Toiboid,Mackrill,M,3/31/1945,,AK,tmackrill1@constantcontact.com,NUdTJ8DXas,http://dummyimage.com/213x154.jpg/ff4444/ffffff
Dorelia,Brekonridge,F,3/19/1969,,NE,dbrekonridge2@friendfeed.com,PysQISGW5pZ1,
Madeleine,Birkmyr,F,3/1/1962,32209,FL,mbirkmyr3@gizmodo.com,bvjcBA,http://dummyimage.com/221x225.jpg/5fa2dd/ffffff
Margalit,Dore,F,7/14/1997,31165,GA,mdore4@arizona.edu,UDRtsoUU,
Louisette,Jerrolt,F,1/27/1946,,KY,ljerrolt5@yelp.com,z6Ll8U7TbM,http://dummyimage.com/122x198.jpg/ff4444/ffffff
Gale,Fairlie,F,11/18/1954,46015,IN,gfairlie6@miitbeian.gov.cn,4ZcQoS5M,http://dummyimage.com/171x229.png/dddddd/000000
Win,Dinsale,M,10/21/1954,10110,NY,wdinsale7@paginegialle.it,ACv6fsT,http://dummyimage.com/180x245.bmp/dddddd/000000
Wilone,Tarbet,F,12/3/1986,97240,,wtarbet8@domainmarket.com,Cki8GT,
Sonnie,Auchterlony,M,2/21/1986,24009,VA,sauchterlony9@google.com.br,xjcZdn,http://dummyimage.com/163x138.jpg/5fa2dd/ffffff
Boyce,Shottin,M,1/8/1962,46857,IN,bshottina@bizjournals.com,XV6BuUk,http://dummyimage.com/173x131.bmp/5fa2dd/ffffff
Shermy,Ritter,M,8/31/1981,68524,,sritterb@google.fr,qDiG18,http://dummyimage.com/198x171.bmp/5fa2dd/ffffff
Alain,Fittis,M,1/26/1943,,AZ,afittisc@apache.org,OjSlp45VOJx,
Humphrey,Amori,M,1/31/1989,99507,AK,hamorid@networkadvertising.org,B5n2lJQ3Y,http://dummyimage.com/215x177.bmp/ff4444/ffffff
Lyman,Janouch,M,5/21/1950,11024,NY,ljanouche@spotify.com,yB88IV,
Lyn,Kenyon,M,3/13/1978,,TX,lkenyonf@buzzfeed.com,tTwyM3t,http://dummyimage.com/200x198.bmp/dddddd/000000
Antoine,Panks,M,10/28/1967,,TX,apanksg@cnbc.com,LvujjHJJ5g,
Killie,Petrello,M,3/20/2004,46867,IN,kpetrelloh@bbc.co.uk,Bw4tM8L3AsmV,http://dummyimage.com/243x148.png/dddddd/000000
Georgena,Boullen,F,1/28/1947,68531,NE,gboulleni@cpanel.net,AK09sdwrEN,http://dummyimage.com/104x219.bmp/dddddd/000000
Dierdre,Grigoroni,F,1/25/1948,47725,IN,dgrigoronij@hao123.com,hkh9clD,
Dorolice,Manach,F,1/4/1954,,TX,dmanachk@linkedin.com,OKS0kbUc,
Rosalynd,Peiser,F,12/5/1984,,TX,rpeiserl@pagesperso-orange.fr,E2fMOXWcteOq,http://dummyimage.com/180x230.bmp/cc0000/ffffff
Avrom,Kuhl,M,12/22/1960,,MO,akuhlm@ning.com,BRjjKt38n,http://dummyimage.com/146x203.png/cc0000/ffffff
Bernie,Fink,F,2/2/1990,71130,LA,bfinkn@loc.gov,0rKu2L3AbOcU,
Malina,Pavluk,F,3/4/1985,,WA,mpavluko@google.co.jp,cKNxvjG,
Anthiathia,Londesborough,F,7/3/1970,85737,AZ,alondesboroughp@hhs.gov,1UUFauZs,http://dummyimage.com/219x141.png/5fa2dd/ffffff
Elspeth,Legrave,F,10/25/1953,,NC,elegraveq@mtv.com,l3gsXUWI5En,http://dummyimage.com/238x162.bmp/dddddd/000000
Janessa,Larenson,F,2/11/1969,28256,NC,jlarensonr@e-recht24.de,yKGM29Dis,
Rebekah,Sutliff,F,12/20/1992,,KY,rsutliffs@wufoo.com,lF1lUS,http://dummyimage.com/176x241.jpg/dddddd/000000
Cherry,Wyard,F,7/15/1998,,DC,cwyardt@google.com.br,iCrnIvLi5,http://dummyimage.com/194x139.jpg/dddddd/000000
Arabela,Ragg,F,5/5/1982,32610,FL,araggu@oakley.com,hx8sS5,http://dummyimage.com/184x181.bmp/dddddd/000000
Gabe,McPartlin,M,8/24/1965,,MN,gmcpartlinv@youtu.be,gwzvw15yDC,http://dummyimage.com/190x226.bmp/cc0000/ffffff
Janeen,Kleinstern,F,1/26/1965,44118,OH,jkleinsternw@biglobe.ne.jp,5HKKFp9DR8,
Linda,Teliga,F,1/5/1988,32259,,lteligax@bluehost.com,h86FylMd2OD,
Nobe,Trees,M,11/23/1965,08603,NJ,ntreesy@dailymail.co.uk,9vgN9ZaSj,
Adolphe,Towns,M,1/28/1983,89145,NV,atownsz@clickbank.net,5uUraRvD,
Jodie,Louche,F,7/19/1965,46239,,jlouche10@posterous.com,HDnsrO2DUo,http://dummyimage.com/222x243.png/cc0000/ffffff
Rosalie,Banbury,F,8/5/1968,92519,CA,rbanbury11@joomla.org,owQ9siOS,http://dummyimage.com/120x105.jpg/5fa2dd/ffffff
Mill,Dingwall,M,3/19/1988,,AZ,mdingwall12@tumblr.com,0kMkAI3TblDc,http://dummyimage.com/188x156.png/dddddd/000000
Aurlie,Hallahan,F,4/13/1949,99522,AK,ahallahan13@geocities.jp,1WHcdwDctW5,http://dummyimage.com/189x149.jpg/cc0000/ffffff
Tonya,Clement,F,9/15/2000,,OK,tclement14@godaddy.com,T5EkgA3kHVg8,http://dummyimage.com/239x101.jpg/cc0000/ffffff
Talbert,Domenichelli,M,10/15/1968,,FL,tdomenichelli15@mayoclinic.com,cxDqI2,http://dummyimage.com/229x136.png/dddddd/000000
Sunny,Spinello,F,4/6/1949,,WI,sspinello16@devhub.com,VT0FUs7S,http://dummyimage.com/113x124.bmp/ff4444/ffffff
Hastings,Andrasch,M,3/21/1955,43666,OH,handrasch17@theatlantic.com,KY4oK58f5lV,
Steffen,Gethouse,M,9/16/1987,,NC,sgethouse18@com.com,pF95qUrRF,
Eugen,Riseam,M,4/27/1992,73167,OK,eriseam19@hugedomains.com,1RntU2817C,http://dummyimage.com/154x183.png/cc0000/ffffff
Helsa,O'Carran,F,8/4/2003,94712,CA,hocarran1a@opera.com,lEn4Xkzue,http://dummyimage.com/191x116.bmp/dddddd/000000
Davin,Allsupp,M,6/8/1965,33913,,dallsupp1b@bandcamp.com,KFQ278AqMduw,http://dummyimage.com/201x245.bmp/5fa2dd/ffffff
Sol,Truder,M,3/31/1992,14276,NY,struder1c@uol.com.br,uoOpsjw,http://dummyimage.com/202x116.jpg/dddddd/000000
Federico,Abrahams,M,8/26/1982,73119,OK,fabrahams1d@privacy.gov.au,kgxbR7uIX,http://dummyimage.com/180x138.jpg/dddddd/000000
Abby,Lillecrap,F,5/27/1952,,CA,alillecrap1e@ftc.gov,LyZn3GOIpcw,http://dummyimage.com/152x129.jpg/5fa2dd/ffffff
Ermin,Blaskett,M,7/24/1947,78215,TX,eblaskett1f@nps.gov,bxUdmRM49gaS,http://dummyimage.com/114x210.jpg/cc0000/ffffff
Ellie,Halfhead,F,1/2/1978,28272,NC,ehalfhead1g@facebook.com,8JnuTM5LQ5S,http://dummyimage.com/208x188.png/5fa2dd/ffffff
Morrie,Awton,M,10/9/1992,23471,VA,mawton1h@artisteer.com,E4YuInN,http://dummyimage.com/227x212.bmp/cc0000/ffffff
Evan,Eldon,M,7/25/1975,,,eeldon1i@oracle.com,QMDWzDl4b,
Francklin,Spowage,M,3/3/1951,46406,IN,fspowage1j@springer.com,YBNOr6xDvb5,http://dummyimage.com/221x154.bmp/ff4444/ffffff
Clyde,Duffie,M,4/28/1953,33169,,cduffie1k@mozilla.org,OygcEECZp,
Mercy,Calken,F,8/17/1965,22111,VA,mcalken1l@shinystat.com,bOecAxVRb,http://dummyimage.com/186x143.jpg/cc0000/ffffff
Temple,Tellenbrook,M,10/17/1964,76905,TX,ttellenbrook1m@biglobe.ne.jp,jL6lGu,http://dummyimage.com/160x166.png/ff4444/ffffff
Valaree,Curreen,F,2/10/1954,77015,TX,vcurreen1n@ebay.co.uk,n5tXOLStGCc,
Emlen,Kelson,M,10/25/1977,64160,,ekelson1o@odnoklassniki.ru,ufiXxvWgx,
Neala,Casarini,F,3/12/1952,67210,KS,ncasarini1p@tiny.cc,73u2nkvZXT6,http://dummyimage.com/243x186.png/5fa2dd/ffffff
Ellette,Huguet,F,5/13/1980,73135,OK,ehuguet1q@yellowbook.com,XxTR1Yg,
Logan,Doerffer,M,7/20/1949,55565,,ldoerffer1r@hugedomains.com,yBayFfk4d1,http://dummyimage.com/112x206.jpg/cc0000/ffffff
Myca,Dewi,M,12/25/1961,94159,CA,mdewi1s@clickbank.net,5xPivyl7eJ,
Cilka,Guye,F,7/30/2003,,CO,cguye1t@ameblo.jp,dpGmyv,http://dummyimage.com/136x181.bmp/ff4444/ffffff
Twyla,Rackley,F,7/27/1950,,TX,trackley1u@cnet.com,4jvYG36SNcrA,http://dummyimage.com/216x113.bmp/dddddd/000000
Mathilda,Faircliff,F,3/15/1943,,,mfaircliff1v@multiply.com,4bwgK9i,http://dummyimage.com/203x234.jpg/cc0000/ffffff
Hi,Gotobed,M,7/25/1972,01152,,hgotobed1w@accuweather.com,zuxB4jOY51Lb,
Giovanna,Traves,F,11/14/1956,,NY,gtraves1x@is.gd,EHnq83n0,http://dummyimage.com/214x189.bmp/5fa2dd/ffffff
Tootsie,Rootes,F,4/15/1947,40505,KY,trootes1y@yellowbook.com,elKTZ1u0g,http://dummyimage.com/187x159.jpg/cc0000/ffffff
Anjela,Sheraton,F,4/14/1951,43666,OH,asheraton1z@acquirethisname.com,Fawz8U,
Marlane,Pexton,F,3/26/1948,24515,VA,mpexton20@github.com,77OdlejBh,
Poul,Shobbrook,M,1/6/1997,56398,MN,pshobbrook21@list-manage.com,dAM6KowpBlCJ,
Chantalle,Costelow,F,2/12/1997,19605,PA,ccostelow22@cnbc.com,PgVExNX2,http://dummyimage.com/177x213.png/5fa2dd/ffffff
Arthur,Angeli,M,8/16/1953,38143,TN,aangeli23@virginia.edu,2wZzmfwtrY,http://dummyimage.com/198x203.bmp/dddddd/000000
Clair,Tremble,M,2/3/1970,80920,CO,ctremble24@omniture.com,4rhDXTREc,http://dummyimage.com/141x230.bmp/cc0000/ffffff
Kat,Murrey,F,1/29/1986,,CA,kmurrey25@sohu.com,IJEVjVe,http://dummyimage.com/142x165.jpg/ff4444/ffffff
Willdon,Corain,M,6/30/1954,22908,VA,wcorain26@shop-pro.jp,zHQBGTGkUdG6,http://dummyimage.com/151x241.bmp/cc0000/ffffff
Pietra,Lapsley,F,10/1/1984,10090,NY,plapsley27@cnbc.com,gUCMrUd,http://dummyimage.com/180x131.bmp/cc0000/ffffff
Misha,Planque,F,8/8/1983,,AL,mplanque28@examiner.com,5Rh61cATGL7K,
Marcellina,Broggini,F,9/7/1947,48609,MI,mbroggini29@google.de,ZfXGZRjYdWDz,http://dummyimage.com/223x204.png/ff4444/ffffff
Letisha,Cattermole,F,8/27/1984,,CA,lcattermole2a@whitehouse.gov,hURMXYYBgT,http://dummyimage.com/199x101.png/cc0000/ffffff
Modestine,Van Son,F,9/30/1974,40225,,mvanson2b@indiegogo.com,pUDjHq6CcR,
Madonna,De Freyne,F,6/4/2002,,MD,mdefreyne2c@360.cn,oHNMeUkwsb,http://dummyimage.com/106x241.png/dddddd/000000
Steffi,Hedau,F,4/3/2001,71307,LA,shedau2d@ucoz.com,4WQevW17ZiH0,http://dummyimage.com/238x161.png/dddddd/000000
Bel,Brookfield,F,7/7/1980,,TX,bbrookfield2e@gravatar.com,A8nM0YohpC,http://dummyimage.com/134x176.jpg/5fa2dd/ffffff
Lothaire,Kinson,M,1/26/1991,,IL,lkinson2f@taobao.com,RMPnMX,http://dummyimage.com/216x216.jpg/5fa2dd/ffffff
Teddie,Staining,M,5/6/1949,90101,CA,tstaining2g@reference.com,83dnU5JVVAF,
Ogdan,Fellgett,M,3/27/1957,,MN,ofellgett2h@github.com,WwD2YsJP9,http://dummyimage.com/135x108.jpg/cc0000/ffffff
Tilly,Garford,F,12/4/1943,30605,GA,tgarford2i@pagesperso-orange.fr,xsXVz0wpUR,http://dummyimage.com/163x230.jpg/cc0000/ffffff
Benjie,Pieters,M,9/21/1994,92519,CA,bpieters2j@msu.edu,NueX0ZkOt,http://dummyimage.com/221x203.bmp/cc0000/ffffff
Perle,Vivien,F,8/1/1944,97211,,pvivien2k@si.edu,NXgDmpi,
Faydra,Bromell,F,3/14/1998,,TX,fbromell2l@rambler.ru,R3Z1ZwgL,http://dummyimage.com/112x122.jpg/dddddd/000000
Alexia,Dmitrichenko,F,2/3/1978,,NY,admitrichenko2m@parallels.com,fKxRkMXUeiy,
Cris,Denman,M,10/19/1987,98464,WA,cdenman2n@ifeng.com,LdUaDrU17Z,http://dummyimage.com/112x120.jpg/5fa2dd/ffffff
Clementius,Robotham,M,6/16/1944,35225,AL,crobotham2o@mashable.com,BZvYGyyNPP,
Al,Meekins,M,2/25/1987,80951,CO,ameekins2p@thetimes.co.uk,rlmJ4c,http://dummyimage.com/166x210.jpg/dddddd/000000
Ira,Juanico,M,7/2/1944,,AZ,ijuanico2q@chicagotribune.com,5vktOz,http://dummyimage.com/193x218.bmp/5fa2dd/ffffff
Doralyn,Simper,F,9/26/1953,,CT,dsimper2r@delicious.com,JjxkLFnogI,http://dummyimage.com/106x180.png/cc0000/ffffff
Zachary,Muzzlewhite,M,7/29/1995,37235,TN,zmuzzlewhite2s@berkeley.edu,FynpR9DJ55W,http://dummyimage.com/215x243.jpg/ff4444/ffffff
Rois,Hilliam,F,7/11/1956,,NE,rhilliam2t@ning.com,hzxG3EPW2S6,
Penrod,Bear,M,5/30/1990,,PA,pbear2u@patch.com,SiN77T,http://dummyimage.com/242x246.jpg/ff4444/ffffff
Tess,Kiloh,F,7/3/1944,46216,IN,tkiloh2v@bravesites.com,qQRbbE4u,http://dummyimage.com/116x189.png/dddddd/000000
Walsh,Brayley,M,6/11/1947,,FL,wbrayley2w@ted.com,f1sf0MnGjdFp,http://dummyimage.com/180x240.bmp/dddddd/000000
Annabelle,Ikringill,F,1/13/1979,35290,AL,aikringill2x@bing.com,s150ubw4Udkk,http://dummyimage.com/230x227.bmp/5fa2dd/ffffff
Melisse,Drabble,F,8/5/1960,78265,TX,mdrabble2y@vistaprint.com,QzAWjXCLRSH,http://dummyimage.com/185x172.jpg/cc0000/ffffff
Tabbi,Burner,F,9/22/1962,77554,TX,tburner2z@uiuc.edu,y0jElRA,
Matthiew,Whiston,M,3/20/1943,77255,TX,mwhiston30@springer.com,TI6GZ0anD,http://dummyimage.com/215x234.jpg/dddddd/000000
Malorie,Clemanceau,F,7/17/1975,,DC,mclemanceau31@360.cn,YeFb8L,http://dummyimage.com/207x139.png/dddddd/000000
Neall,Shout,M,2/3/1965,35295,AL,nshout32@businessweek.com,c1bp5B1NS2SZ,http://dummyimage.com/102x241.bmp/5fa2dd/ffffff
Tadeas,Archanbault,M,1/2/1983,,AL,tarchanbault33@noaa.gov,CorYMdtv,http://dummyimage.com/126x117.png/dddddd/000000
Alaric,Chellingworth,M,3/29/1982,,TX,achellingworth34@1688.com,FBO6OnXNZLSC,http://dummyimage.com/219x192.png/5fa2dd/ffffff
Lorrin,Allward,F,3/14/1980,,IN,lallward35@istockphoto.com,FboCOJ,http://dummyimage.com/130x249.png/ff4444/ffffff
Staci,Tenniswood,F,4/25/1960,77266,TX,stenniswood36@xrea.com,flhRlfFX,http://dummyimage.com/133x200.jpg/ff4444/ffffff
Christos,Fairhead,M,2/7/1963,,TX,cfairhead37@gnu.org,pOC4LJ5zNVr,http://dummyimage.com/119x156.bmp/5fa2dd/ffffff
Dario,Lufkin,M,7/27/1993,,NJ,dlufkin38@discovery.com,EpPzX9,http://dummyimage.com/117x112.png/cc0000/ffffff
Shae,Maginot,F,12/14/1945,31106,,smaginot39@google.it,ucrDk9C,
Baily,Iles,M,9/13/1989,,CA,biles3a@mapy.cz,teuon2T8OjK,http://dummyimage.com/191x211.bmp/cc0000/ffffff
Nissa,Garrod,F,4/25/2004,33972,FL,ngarrod3b@cnn.com,fCzsx4dh,http://dummyimage.com/207x204.png/5fa2dd/ffffff
Lory,Fieller,F,9/5/2000,94147,CA,lfieller3c@nbcnews.com,ipnJv1Q0eGS,http://dummyimage.com/198x101.png/dddddd/000000
Rochell,Treppas,F,2/9/1957,89036,NV,rtreppas3d@imageshack.us,KRwCGPdIk5Mm,
Ambrose,Rickett,M,11/3/1943,28230,NC,arickett3e@goodreads.com,n0svQuSg280l,
Annalise,Perico,F,3/27/1955,10150,NY,aperico3f@dion.ne.jp,P0z6DL6c,http://dummyimage.com/152x102.bmp/ff4444/ffffff
Enrichetta,Garmans,F,9/22/1963,33305,FL,egarmans3g@statcounter.com,ntn4ueZdD,http://dummyimage.com/185x250.jpg/5fa2dd/ffffff
Delaney,Haygreen,M,11/8/1955,25775,WV,dhaygreen3h@w3.org,pqXiu5Ex5dS,http://dummyimage.com/246x165.bmp/ff4444/ffffff
Gamaliel,Cullinan,M,12/16/1973,16550,PA,gcullinan3i@nature.com,Vbtaisz7,http://dummyimage.com/172x127.png/5fa2dd/ffffff
Natale,Pisculli,M,7/18/1957,95397,CA,npisculli3j@over-blog.com,OHB548Nin2H,
Penni,Cunliffe,F,3/10/1989,94616,,pcunliffe3k@archive.org,3TEin17A7c,
Bailey,Ruggiero,M,10/4/1985,,DC,bruggiero3l@studiopress.com,zXmsTI,http://dummyimage.com/200x154.jpg/dddddd/000000
Buddy,Blum,M,8/28/1989,21282,MD,bblum3m@nba.com,shm130I1RF,http://dummyimage.com/204x144.jpg/dddddd/000000
Grenville,Berceros,M,11/2/1995,,,gberceros3n@mediafire.com,Lyt8oN,http://dummyimage.com/212x129.jpg/cc0000/ffffff
Augie,Lisimore,M,11/27/2003,20910,MD,alisimore3o@reference.com,m20aCnf,http://dummyimage.com/133x171.bmp/5fa2dd/ffffff
Freddy,Challace,F,9/18/1994,92867,,fchallace3p@cisco.com,MVcOCo,http://dummyimage.com/233x130.jpg/ff4444/ffffff
Clarette,Coltman,F,12/6/1984,,MI,ccoltman3q@rediff.com,7rAzITqft,
Roberto,Rosenvasser,M,2/5/1963,,OK,rrosenvasser3r@dion.ne.jp,nNweTW73SX,
Ebony,Dunlap,F,5/20/1996,20436,,edunlap3s@lycos.com,2tAUUwI,http://dummyimage.com/220x139.bmp/cc0000/ffffff
Caryl,Collick,M,8/25/1944,,TX,ccollick3t@wordpress.com,4NyI71Y5,
Hunfredo,Popeley,M,8/30/1983,95194,CA,hpopeley3u@geocities.com,9mT6NdnlJiMd,http://dummyimage.com/223x136.png/dddddd/000000
Irv,Lipmann,M,11/28/1980,20195,VA,ilipmann3v@tumblr.com,MKgTG1,http://dummyimage.com/224x110.jpg/ff4444/ffffff
Thornton,Sherwell,M,7/23/1981,33982,FL,tsherwell3w@cnn.com,R89qgbtNDOCU,http://dummyimage.com/165x233.jpg/ff4444/ffffff
Terrence,Barringer,M,11/30/1966,92145,CA,tbarringer3x@hc360.com,CnQJeLGEF2n7,
Pren,Pechan,M,8/13/2003,,NM,ppechan3y@cdbaby.com,ufUmrHsmeF,http://dummyimage.com/172x248.jpg/ff4444/ffffff
David,Rebert,M,2/14/1984,50315,,drebert3z@engadget.com,2shdAk,
Stefan,Pioch,M,3/23/1973,74193,OK,spioch40@nba.com,AHj86lDxra5,http://dummyimage.com/100x150.png/5fa2dd/ffffff
Sharity,Vamplew,F,5/10/1943,33023,FL,svamplew41@nhs.uk,cwdw0kAHXHUT,http://dummyimage.com/121x186.png/dddddd/000000
Raffaello,Height,M,3/22/1990,55565,,rheight42@lycos.com,eQszdex8,
Elana,Blakeman,F,6/28/1983,,IL,eblakeman43@cdc.gov,fXdJ6SLsN,http://dummyimage.com/203x190.jpg/cc0000/ffffff
Crosby,Mulvenna,M,2/20/1946,12305,NY,cmulvenna44@163.com,anJHivHKU,http://dummyimage.com/223x179.bmp/dddddd/000000
Heath,Farrer,F,5/7/1989,95160,CA,hfarrer45@histats.com,K46bCiN,
Hi,Mulrean,M,3/21/1984,12262,NY,hmulrean46@eventbrite.com,ZlsRsplDCOdy,http://dummyimage.com/202x114.png/dddddd/000000
Cloe,Glendza,F,6/19/1959,,MI,cglendza47@independent.co.uk,fd44Kxx3h,
Christina,Tunnacliffe,F,9/9/1956,,VA,ctunnacliffe48@ibm.com,AUVag4,http://dummyimage.com/182x204.png/5fa2dd/ffffff
Cecilla,Kasher,F,11/7/1989,20557,DC,ckasher49@issuu.com,IpdxqlRBzKZ,
Monty,McClaren,M,8/29/1980,28289,NC,mmcclaren4a@utexas.edu,c1b1BkjqZ4Ug,http://dummyimage.com/143x209.jpg/5fa2dd/ffffff
Rosabel,Kobera,F,11/8/1971,33325,,rkobera4b@wikimedia.org,psiTdg,http://dummyimage.com/111x140.bmp/dddddd/000000
Taite,Maciaszek,M,12/28/1996,14609,,tmaciaszek4c@psu.edu,mcfWu7AA7OS,
Vonnie,Jouanny,F,7/30/1982,73190,OK,vjouanny4d@nbcnews.com,HRLLxf,
Emilio,Daish,M,1/18/1961,72199,,edaish4e@sciencedaily.com,gKhBCsR,http://dummyimage.com/156x235.jpg/ff4444/ffffff
Willa,Rains,F,10/23/1956,32868,,wrains4f@unesco.org,j6zwcjlSGKs,
Meghan,O'Heagertie,F,6/15/1975,23285,VA,moheagertie4g@howstuffworks.com,g1ooakowh5W,
Willey,Hawkridge,M,2/10/1971,,DC,whawkridge4h@nyu.edu,i6lA2RHGjQ,http://dummyimage.com/149x245.bmp/dddddd/000000
Isaac,Houdhury,M,1/25/1970,,NC,ihoudhury4i@time.com,PAO8eVETkw,
Noellyn,Pealing,F,3/12/1975,93721,CA,npealing4j@sun.com,i6V3MvpEnmCQ,http://dummyimage.com/133x187.bmp/ff4444/ffffff
Jarrod,Fuge,M,10/25/1979,,CA,jfuge4k@prweb.com,8cBRfC,http://dummyimage.com/113x187.png/cc0000/ffffff
Willette,Guerrero,F,5/10/1966,97229,OR,wguerrero4l@sciencedirect.com,qW6oDM,http://dummyimage.com/195x129.png/cc0000/ffffff
Bengt,Covotti,M,3/12/1996,62764,IL,bcovotti4m@nifty.com,XSxctRbd,http://dummyimage.com/186x144.jpg/5fa2dd/ffffff
Olwen,MacRirie,F,10/24/1963,,NY,omacririe4n@msn.com,qqyVknU8iBx,http://dummyimage.com/102x236.png/cc0000/ffffff
Carrol,Woolner,M,7/28/1952,,FL,cwoolner4o@clickbank.net,BxsJfnohwu,
Gibbie,Pain,M,11/9/2004,,TX,gpain4p@princeton.edu,1ZFanZ,http://dummyimage.com/133x234.jpg/cc0000/ffffff
Roarke,Lelliott,M,3/18/1984,,AZ,rlelliott4q@va.gov,ZtNSJP5zHISN,http://dummyimage.com/103x211.bmp/ff4444/ffffff
Cary,Perfitt,M,9/28/1975,98442,WA,cperfitt4r@mlb.com,MbnaqlVUsf,
Elbertina,Hollyar,F,10/8/1993,77713,,ehollyar4s@ftc.gov,JFSbGlndFAR,http://dummyimage.com/125x246.png/5fa2dd/ffffff
Traci,Baterip,F,8/21/1955,,CT,tbaterip4t@ocn.ne.jp,YfI219CG,http://dummyimage.com/117x213.jpg/dddddd/000000
Hatty,Sharman,F,1/14/1968,,IA,hsharman4u@google.it,nWTWwdoLDX16,http://dummyimage.com/197x247.png/cc0000/ffffff
Wilden,Duchesne,M,11/17/1974,92812,CA,wduchesne4v@miitbeian.gov.cn,onpjwQaU3,http://dummyimage.com/151x220.jpg/5fa2dd/ffffff
Pansie,Sempill,F,3/30/1986,,SD,psempill4w@blinklist.com,xHFkxs,http://dummyimage.com/225x178.jpg/dddddd/000000
Sarette,Stevenson,F,6/20/1956,46862,IN,sstevenson4x@ovh.net,OfvXTKaqi,http://dummyimage.com/148x194.png/dddddd/000000
Sauncho,Brailey,M,12/8/1944,92812,,sbrailey4y@hc360.com,jDAnReXBg3QA,
Guthry,Moryson,M,2/27/1953,75221,,gmoryson4z@ucoz.ru,BRTwPd7L9,
Chere,Kiely,F,11/10/1974,58207,,ckiely50@networkadvertising.org,m54iIGI1J,
Petronille,Perview,F,4/23/1948,90076,CA,pperview51@list-manage.com,cz97gPGEq,
Anstice,Cathrae,F,9/16/2003,,CO,acathrae52@nymag.com,y6w5eNYKmR,http://dummyimage.com/171x240.bmp/dddddd/000000
Saunder,Garroway,M,8/29/1954,55805,MN,sgarroway53@wikipedia.org,IQZWHTiu9,http://dummyimage.com/153x105.png/ff4444/ffffff
Colene,Draysey,F,9/24/1955,11436,NY,cdraysey54@feedburner.com,v5isurB6vi,
Maria,Bartleman,F,11/6/1959,48224,MI,mbartleman55@unesco.org,5mLbjHI,http://dummyimage.com/240x248.png/ff4444/ffffff
Valentino,Luchetti,M,1/3/1966,,,vluchetti56@google.com.br,LYrNfbpd,http://dummyimage.com/172x124.jpg/ff4444/ffffff
Miller,Cominoli,M,3/27/1998,53790,WI,mcominoli57@ft.com,nT9AXkE,http://dummyimage.com/229x238.jpg/cc0000/ffffff
Tomasina,Divisek,F,5/15/1976,19892,DE,tdivisek58@abc.net.au,Bx19ufo4,
Klement,Dartnell,M,1/11/1943,83711,ID,kdartnell59@shareasale.com,dNiCS33Ifs,http://dummyimage.com/166x124.bmp/ff4444/ffffff
Giffer,Hastwall,M,5/2/1995,63143,MO,ghastwall5a@odnoklassniki.ru,1awLEW,http://dummyimage.com/150x104.bmp/ff4444/ffffff
Micky,Whiteley,M,1/8/1952,,FL,mwhiteley5b@stumbleupon.com,YubmAnogH,
Towney,Pietron,M,4/12/1989,,IN,tpietron5c@google.ca,hxqGVPO4Hn,
John,Pattini,M,10/3/1963,,,jpattini5d@timesonline.co.uk,qJxGnoSu,http://dummyimage.com/170x166.bmp/ff4444/ffffff
Caressa,Banaszewski,F,2/26/1987,53726,WI,cbanaszewski5e@virginia.edu,W3H19MR,http://dummyimage.com/140x156.png/5fa2dd/ffffff
Sherye,Bentall,F,6/22/1975,,CA,sbentall5f@rambler.ru,5x7KgDiZ,
Orelee,Quenby,F,7/10/1973,33142,FL,oquenby5g@cpanel.net,2K1SVjvqgaO,http://dummyimage.com/187x106.bmp/cc0000/ffffff
Scotti,McInnery,M,3/3/1946,,CA,smcinnery5h@xing.com,xJCsqGoF2e,http://dummyimage.com/182x142.png/ff4444/ffffff
Frannie,Rittmeier,F,1/3/1960,,IN,frittmeier5i@cbsnews.com,A9tXMz,http://dummyimage.com/219x110.jpg/cc0000/ffffff
Rennie,Mushrow,F,7/16/1997,,CA,rmushrow5j@seattletimes.com,0QP5kUJwDm,
Sarge,Nicholes,M,6/24/1963,85045,AZ,snicholes5k@un.org,a2965VPQL,http://dummyimage.com/107x159.bmp/ff4444/ffffff
Rosabelle,Blooman,F,8/23/2001,,GA,rblooman5l@free.fr,OUbReJTh,http://dummyimage.com/141x111.bmp/cc0000/ffffff
Rozina,Zannini,F,4/25/1982,25326,WV,rzannini5m@skype.com,awKYCa78RTN,http://dummyimage.com/249x107.png/dddddd/000000
Patrizius,Beatey,M,10/8/1967,33028,FL,pbeatey5n@loc.gov,nViGMWEAGmP,
Charles,Bateson,M,5/9/1996,,NV,cbateson5o@statcounter.com,0xG7yoqt,http://dummyimage.com/212x177.jpg/ff4444/ffffff
Ugo,Ragdale,M,7/23/1979,,,uragdale5p@hp.com,ATK7rHYeIb,http://dummyimage.com/173x199.png/ff4444/ffffff
Udell,Minelli,M,2/8/1943,16510,PA,uminelli5q@example.com,gDB27uO1LK,
Hanson,Ferrolli,M,5/10/1946,77844,TX,hferrolli5r@ucoz.com,1ngRBhKr,
Junia,MacCallam,F,4/28/1987,,FL,jmaccallam5s@toplist.cz,O6lSqqHYFJ,http://dummyimage.com/220x117.jpg/ff4444/ffffff
Denny,Crankshaw,M,2/18/1953,44905,,dcrankshaw5t@usda.gov,0bAMZJUFGvI,
Elliott,Kinde,M,9/23/1963,,OH,ekinde5u@twitpic.com,s7EI2T,http://dummyimage.com/178x188.png/ff4444/ffffff
Giacobo,Gosnoll,M,12/1/1944,55123,MN,ggosnoll5v@google.com,BJHYxvtsIgPc,
Cammy,Durant,F,10/27/1979,,RI,cdurant5w@skype.com,QZ8wsvZ,http://dummyimage.com/146x135.png/ff4444/ffffff
Kaycee,Johnston,F,2/8/1951,76505,TX,kjohnston5x@webeden.co.uk,o3fgc6,
Berthe,Sweeting,F,2/2/1988,,CA,bsweeting5y@youku.com,kTYsv7,http://dummyimage.com/173x135.bmp/cc0000/ffffff
Dylan,Stonner,M,5/25/1988,85737,AZ,dstonner5z@mediafire.com,TBT5OcsTuzrk,http://dummyimage.com/204x167.bmp/dddddd/000000
Blake,Dundin,F,3/3/1985,94297,CA,bdundin60@odnoklassniki.ru,nsuHYA,http://dummyimage.com/236x164.png/ff4444/ffffff
Nerissa,Spire,F,2/9/1960,10175,NY,nspire61@guardian.co.uk,fjdEFaSzZD,http://dummyimage.com/170x231.png/5fa2dd/ffffff
Elsworth,Jentet,M,2/3/1982,76162,TX,ejentet62@adobe.com,sGEm4i2Sae0g,http://dummyimage.com/175x204.bmp/ff4444/ffffff
Bernardo,Alders,M,1/30/1952,55905,MN,balders63@scribd.com,EgN5a3EGbfM,
Sal,Gingel,F,12/2/1987,70149,LA,sgingel64@vinaora.com,EEthvdI,http://dummyimage.com/170x171.jpg/5fa2dd/ffffff
Charlean,Halpeine,F,5/15/1987,,KS,chalpeine65@who.int,ruTKkcBeI,
Georgina,Orae,F,1/7/1992,96840,HI,gorae66@aboutads.info,P7nhkq6eg,
Clo,Streatfield,F,2/27/1966,,,cstreatfield67@geocities.com,JjpPOuFP3,http://dummyimage.com/189x235.png/dddddd/000000
Tomi,Penhaligon,F,3/14/2002,73147,,tpenhaligon68@amazon.de,ha7mcA3Txb,http://dummyimage.com/183x128.bmp/ff4444/ffffff
Riley,O'Duane,M,1/14/1949,44329,OH,roduane69@ft.com,zQW8p7,http://dummyimage.com/141x213.jpg/ff4444/ffffff
Norine,Tollett,F,6/3/1974,,OK,ntollett6a@goo.ne.jp,1pITsu,http://dummyimage.com/163x122.bmp/cc0000/ffffff
Vasili,Braunlein,M,3/20/1988,22301,VA,vbraunlein6b@webmd.com,ChvbM7HgB,http://dummyimage.com/114x130.bmp/cc0000/ffffff
Lester,Gwilliams,M,5/9/1962,30380,GA,lgwilliams6c@webeden.co.uk,xbPVKVj9,
Irina,Shevlan,F,6/7/1959,,,ishevlan6d@newsvine.com,nUWddpR7e,http://dummyimage.com/161x178.jpg/5fa2dd/ffffff
Chance,Ludgrove,M,6/13/1979,80270,,cludgrove6e@icq.com,gGWjNJUkQI2,http://dummyimage.com/143x162.bmp/cc0000/ffffff
Ernesto,Attack,M,4/18/1951,75353,TX,eattack6f@psu.edu,QZMWMVPUh0k0,
Patrick,Ottiwill,M,7/21/1957,,CA,pottiwill6g@tmall.com,XAv19vB,http://dummyimage.com/120x176.jpg/dddddd/000000
Riane,Fosberry,F,11/23/2000,,MI,rfosberry6h@si.edu,yMLDvjlT5,http://dummyimage.com/180x181.png/5fa2dd/ffffff
Shanta,Ocheltree,F,2/16/1991,,OH,socheltree6i@wordpress.com,HmuxPH2Pda0,http://dummyimage.com/242x135.jpg/dddddd/000000
Ardenia,Lilley,F,8/19/1992,77055,TX,alilley6j@fda.gov,Dso0hGBVAi,
Shaina,Hartly,F,11/22/1995,,TX,shartly6k@huffingtonpost.com,rVrONkiPz,http://dummyimage.com/199x111.jpg/5fa2dd/ffffff
Antonella,Glasard,F,7/10/1958,92196,CA,aglasard6l@printfriendly.com,1yIETtPN,http://dummyimage.com/112x119.jpg/dddddd/000000
Lenette,Antonsen,F,2/15/1985,,HI,lantonsen6m@seesaa.net,FIi1Zzh8Dn,http://dummyimage.com/201x164.jpg/5fa2dd/ffffff
Dukie,Davet,M,6/13/1966,28210,NC,ddavet6n@theglobeandmail.com,lTFW9XdL,http://dummyimage.com/161x101.jpg/5fa2dd/ffffff
Demeter,Routham,F,11/29/1944,60663,IL,droutham6o@state.tx.us,JkHNN0CviN,http://dummyimage.com/152x134.png/dddddd/000000
Malachi,Della,M,10/24/1968,20220,DC,mdella6p@woothemes.com,NrNQ8Vld3o,http://dummyimage.com/238x232.jpg/ff4444/ffffff
Georgiana,Tait,F,1/27/1971,80255,CO,gtait6q@msu.edu,rzguYRVszO,http://dummyimage.com/139x130.jpg/cc0000/ffffff
Farrell,Valsler,M,8/24/2001,,TN,fvalsler6r@businesswire.com,xHb9xUXjmCK,http://dummyimage.com/102x123.bmp/5fa2dd/ffffff
Balduin,Drinnan,M,8/13/1951,,CO,bdrinnan6s@tuttocitta.it,fBAZLEB8,http://dummyimage.com/192x110.png/dddddd/000000
Findley,Castagna,M,11/9/1958,,LA,fcastagna6t@ted.com,b1ptTM2ug,http://dummyimage.com/192x169.bmp/ff4444/ffffff
Winnie,Maplethorp,F,2/7/1945,43656,,wmaplethorp6u@dedecms.com,AdtX0Rz1uhF,http://dummyimage.com/220x170.png/cc0000/ffffff
Annnora,Stuttard,F,1/14/1970,40293,KY,astuttard6v@foxnews.com,2hXhbEvB3Orw,
Valdemar,Brellin,M,4/9/2002,75074,TX,vbrellin6w@delicious.com,DHIcgGe,http://dummyimage.com/133x182.jpg/dddddd/000000
Addie,Blackleech,F,3/21/1949,46406,IN,ablackleech6x@taobao.com,YEcmDuYK,http://dummyimage.com/204x104.bmp/5fa2dd/ffffff
Nady,Eicheler,F,2/17/1981,,CA,neicheler6y@istockphoto.com,11FpLfluwf,http://dummyimage.com/248x236.jpg/dddddd/000000
Gun,Bottoms,M,11/21/1978,33018,FL,gbottoms6z@skyrock.com,oAonlXPpfW0,http://dummyimage.com/184x190.bmp/5fa2dd/ffffff
Gustavus,McGiffie,M,10/1/1957,91131,,gmcgiffie70@sohu.com,bnd5KUHKjnHu,http://dummyimage.com/126x171.jpg/5fa2dd/ffffff
Arney,Vankeev,M,3/4/1959,79705,,avankeev71@flickr.com,LW9lQIB,http://dummyimage.com/175x223.bmp/dddddd/000000
Adda,Forty,F,3/21/1972,19172,,aforty72@theatlantic.com,oUKxqHxTGj,
Maddie,Dallman,F,7/31/1986,68197,NE,mdallman73@51.la,AR0YeIB3Fm,http://dummyimage.com/126x143.png/ff4444/ffffff
Tymon,Ridulfo,M,9/7/1979,95138,CA,tridulfo74@oracle.com,U6GTDOed,http://dummyimage.com/149x197.jpg/cc0000/ffffff
Bale,Pycock,M,3/1/1947,,FL,bpycock75@skype.com,NjWGka,http://dummyimage.com/186x112.jpg/ff4444/ffffff
Phillis,Durdle,F,5/6/1966,,FL,pdurdle76@privacy.gov.au,QATxX5K8Bh,http://dummyimage.com/238x132.png/dddddd/000000
Sonja,Rambaut,F,2/21/1983,,TX,srambaut77@netlog.com,ifOWqwV,http://dummyimage.com/172x242.bmp/5fa2dd/ffffff
Cletis,Dimmne,M,6/3/1980,,CA,cdimmne78@qq.com,yUxW6p,
Claire,Shoulders,M,5/6/1953,80305,CO,cshoulders79@dropbox.com,tqQFunh,
Minny,Bembrigg,F,9/8/1952,,DC,mbembrigg7a@de.vu,ymAuBqItDMq,http://dummyimage.com/122x153.bmp/5fa2dd/ffffff
Mag,Sporgeon,F,3/14/2003,,CO,msporgeon7b@google.com.br,QyrMD6DdvfSg,http://dummyimage.com/200x227.png/cc0000/ffffff
Debbie,Gilstoun,F,12/23/1949,,WA,dgilstoun7c@plala.or.jp,yFKJsCUA,
Manolo,Beacon,M,1/19/1963,55108,MN,mbeacon7d@naver.com,G7Kw9ai,http://dummyimage.com/116x159.png/dddddd/000000
Dolores,Gisburn,F,1/30/1985,55172,MN,dgisburn7e@kickstarter.com,WvG6Xm,http://dummyimage.com/145x156.bmp/5fa2dd/ffffff
Gordon,Adamthwaite,M,11/12/1996,,,gadamthwaite7f@domainmarket.com,sA6tP52,
Doris,Cogdell,F,3/14/1967,,FL,dcogdell7g@cnn.com,hoEPbS2Hs,http://dummyimage.com/231x221.bmp/ff4444/ffffff
Linet,Arens,F,12/11/1954,48901,MI,larens7h@google.cn,r2hOWcW,http://dummyimage.com/216x231.bmp/dddddd/000000
Susie,O'Hickee,F,4/1/1955,,,sohickee7i@scientificamerican.com,9LMkgt8P4,
Erin,Skeel,F,2/23/1950,,AL,eskeel7j@dailymail.co.uk,Kg6Heoguk2,
Annecorinne,Druett,F,4/28/1969,25711,WV,adruett7k@wunderground.com,Dk1gU0he,http://dummyimage.com/164x117.bmp/cc0000/ffffff
Mariann,Forsyde,F,8/7/1971,,KY,mforsyde7l@yellowpages.com,EDhi9Ya,
Salem,Arrault,M,10/26/1993,97201,OR,sarrault7m@mit.edu,cJgkPa4fv,http://dummyimage.com/179x173.jpg/dddddd/000000
Fred,Caveney,M,3/30/1945,38181,TN,fcaveney7n@devhub.com,i4nES1GIufH,http://dummyimage.com/138x167.bmp/ff4444/ffffff
Kendricks,Hadlee,M,2/19/1943,,IL,khadlee7o@gov.uk,pkQcZr3,http://dummyimage.com/218x224.png/5fa2dd/ffffff
Barbra,Whistan,F,2/28/1979,,UT,bwhistan7p@theglobeandmail.com,h0wyEDgrO,http://dummyimage.com/243x236.bmp/cc0000/ffffff
Taite,Kunrad,M,8/30/1988,34605,FL,tkunrad7q@acquirethisname.com,mTfQoCkoX3y7,http://dummyimage.com/175x162.bmp/cc0000/ffffff
Boote,Bru,M,5/4/1965,06673,,bbru7r@ebay.com,LEICQPE,http://dummyimage.com/125x187.jpg/5fa2dd/ffffff
Alfonso,Clarae,M,4/27/1999,20404,DC,aclarae7s@youtu.be,FPr4FFsmO5,http://dummyimage.com/156x142.png/ff4444/ffffff
My,Dives,M,8/5/1962,,FL,mdives7t@technorati.com,vn3EAl,
Else,Forman,F,7/28/1971,14905,NY,eforman7u@mlb.com,RMzGy19ecea,
Rusty,Ambrogini,M,6/2/2003,78721,TX,rambrogini7v@ucoz.com,cTpLgV2,http://dummyimage.com/154x205.jpg/cc0000/ffffff
Brose,Penzer,M,2/27/1990,,,bpenzer7w@pagesperso-orange.fr,bR71uLjw,
Cordell,Reisen,M,7/6/1955,91411,CA,creisen7x@gizmodo.com,vjX6kCuadEQ,http://dummyimage.com/196x121.png/ff4444/ffffff
Dael,Rathe,F,11/10/1948,,PA,drathe7y@hao123.com,UlQANy1,http://dummyimage.com/147x245.jpg/cc0000/ffffff
Yale,D'Cruze,M,10/3/1962,98175,WA,ydcruze7z@indiatimes.com,AO0ro9r,http://dummyimage.com/159x201.jpg/dddddd/000000
Karon,Garret,F,11/11/1992,,SC,kgarret80@soundcloud.com,OH4xZxt4SZ,http://dummyimage.com/220x107.png/5fa2dd/ffffff
Anderson,Scholfield,M,11/24/1988,32803,FL,ascholfield81@simplemachines.org,YVvHN8,http://dummyimage.com/124x180.jpg/dddddd/000000
Marcos,Persicke,M,12/6/1981,14215,NY,mpersicke82@e-recht24.de,72CgwX,http://dummyimage.com/182x107.jpg/ff4444/ffffff
Irvine,Adriaens,M,12/10/1968,34643,FL,iadriaens83@digg.com,C9ntlB6r,
Maria,Cornilleau,F,1/3/1977,98133,WA,mcornilleau84@marriott.com,uDzut98I,http://dummyimage.com/109x183.bmp/ff4444/ffffff
Enrica,Give,F,12/22/1951,,AZ,egive85@illinois.edu,jjC2Gpr,
Constantin,Urlin,M,6/29/1996,78759,TX,curlin86@is.gd,FZb2Nl,http://dummyimage.com/178x212.jpg/dddddd/000000
Gwenore,Wormell,F,10/31/2003,62205,IL,gwormell87@vistaprint.com,wO15TcgrQV,http://dummyimage.com/206x157.jpg/dddddd/000000
York,Cavilla,M,3/17/1946,48098,MI,ycavilla88@columbia.edu,FU3TiFjeLp,
Blane,Rosendale,M,9/12/1984,,OH,brosendale89@addtoany.com,eElVsu,
Isidore,Batterson,M,7/11/1947,,AR,ibatterson8a@devhub.com,tL81tmi,http://dummyimage.com/247x164.png/5fa2dd/ffffff
Tibold,Edgeley,M,8/26/2002,37605,TN,tedgeley8b@newyorker.com,jc6IYwREYo,http://dummyimage.com/113x174.jpg/ff4444/ffffff
